{
    "class_names": ["Bacterial_spot", "Early_blight", "Late_blight", "Leaf_Mold", "Septoria_leaf_spot", "Spider_mites_Two-spotted_spider_mite", "Target_Spot", "Tomato_Yellow_Leaf_Curl_Virus", "Tomato_mosaic_virus", "healthy"],
    "results":
        {
            "train_loss": [2.247691462215143, 2.1011802140897076, 1.9314153099212403, 1.7347604881841154, 1.5201540682643366, 1.309454606744809, 1.1073831323617565, 0.9494251601231365, 0.8117571427418401, 0.7115151013810033, 0.6328321757217565, 0.583762193544985, 0.526921488796941, 0.4913138279233116, 0.4645277816837969, 0.42686524692053995, 0.41490842316287774, 0.3867602136236029, 0.3774763429983736, 0.3563420008451413, 0.3392373210848711, 0.32775015353013914, 0.30891863537577396, 0.30463177149002546, 0.2969926716134952, 0.2898246303391152, 0.2803116936724597, 0.2738299744840438, 0.2511602334987622, 0.2515659489380285],
            "train_acc": [0.20094515445133368, 0.37000133120975554, 0.4963990947880303, 0.5738285410518463, 0.6462260383767442, 0.7029219915310796, 0.7420194356586225, 0.7668197551093543, 0.7943756656524853, 0.805670926555658, 0.8228700745600862, 0.828947018129757, 0.8482028754374471, 0.8524960064278624, 0.8591586795096962, 0.8728367945256705, 0.8699148030707631, 0.8812766240808529, 0.877582534623984, 0.8887380192074151, 0.8965388711649008, 0.8938165602211754, 0.9018437167326101, 0.9010316826664982, 0.9062233759572331, 0.9075212992799168, 0.9107161874588305, 0.9104166666920573, 0.9195287539936102, 0.9197151224834089],
            "val_loss": [2.1889946572482586, 2.0418618991971016, 1.8576103933155537, 1.659596148878336, 1.3976439647376537, 1.1839608252048492, 0.9758163504302502, 0.8244430515915155, 0.70145183801651, 0.613088320940733, 0.5321878152899444, 0.48797347489744425, 0.4345973045565188, 0.4194614617154002, 0.37962586153298616, 0.3492993488907814, 0.3492541746236384, 0.31206926924642175, 0.2947224569506943, 0.2808369604172185, 0.27209594822488725, 0.255403196439147, 0.25190272461622953, 0.24024010478751734, 0.2301070522516966, 0.21309163462137803, 0.20221074507571757, 0.20119230001000687, 0.18942331383004785, 0.1892505080322735],
            "val_acc": [0.2900390625, 0.48828125, 0.5830078125, 0.6416015625, 0.6796875, 0.7138671875, 0.75390625, 0.7890625, 0.8203125, 0.8388671875, 0.8701171875, 0.8740234375, 0.88671875, 0.8779296875, 0.892578125, 0.9013671875, 0.8984375, 0.9052734375, 0.919921875, 0.9189453125, 0.92578125, 0.923828125, 0.9248046875, 0.9296875, 0.927734375, 0.9375, 0.939453125, 0.943359375, 0.9443359375, 0.9443359375]
        }
}