{
    "class_names": [
        "Bacterial_spot",
        "Early_blight",
        "healthy"
    ],
    "results": {
        "train_loss": [
            0.391651990186227,
            0.07816405957074542,
            0.050617266985538756,
            0.03621873962938001,
            0.03013984275687682,
            0.03358067282916684,
            0.02710345701167458,
            0.0317527833884876,
            0.028673236013243075,
            0.026089834441479883
        ],
        "train_acc": [
            0.8174342105263158,
            0.9751918849192167,
            0.984375,
            0.9864309210526315,
            0.9891721480771115,
            0.9887609638665852,
            0.9890350887649938,
            0.9913651315789473,
            0.9916392533402694,
            0.9921875
        ],
        "val_loss": [
            0.13046943973749875,
            0.04284528321586549,
            0.016216663224622608,
            0.017323896614834668,
            0.015347941033542156,
            0.015767488442361356,
            0.015315034799277783,
            0.015421877545304597,
            0.015950406854972243,
            0.01597994761541486
        ],
        "val_acc": [
            0.9487215876579285,
            0.9828125,
            0.99375,
            0.9953125,
            0.99375,
            0.99375,
            0.99375,
            0.99375,
            0.99375,
            0.99375
        ],
        "test_results": {
            "preds": [
                0.0,
                0.0,
                0.0,
                0.0,
                0.0,
                0.0,
                0.0,
                0.0,
                0.0,
                0.0,
                0.0,
                0.0,
                0.0,
                0.0,
                0.0,
                0.0,
                0.0,
                0.0,
                0.0,
                0.0,
                0.0,
                0.0,
                0.0,
                0.0,
                0.0,
                0.0,
                0.0,
                0.0,
                0.0,
                0.0,
                0.0,
                0.0,
                0.0,
                0.0,
                0.0,
                0.0,
                0.0,
                0.0,
                0.0,
                0.0,
                0.0,
                0.0,
                0.0,
                0.0,
                0.0,
                0.0,
                0.0,
                0.0,
                0.0,
                0.0,
                0.0,
                0.0,
                0.0,
                0.0,
                0.0,
                0.0,
                0.0,
                0.0,
                0.0,
                0.0,
                0.0,
                0.0,
                0.0,
                0.0,
                0.0,
                0.0,
                0.0,
                0.0,
                0.0,
                0.0,
                0.0,
                0.0,
                0.0,
                0.0,
                0.0,
                0.0,
                0.0,
                0.0,
                0.0,
                0.0,
                0.0,
                0.0,
                0.0,
                0.0,
                0.0,
                0.0,
                0.0,
                0.0,
                0.0,
                0.0,
                0.0,
                0.0,
                0.0,
                0.0,
                0.0,
                0.0,
                0.0,
                0.0,
                0.0,
                0.0,
                1.0,
                1.0,
                1.0,
                1.0,
                1.0,
                1.0,
                1.0,
                1.0,
                1.0,
                1.0,
                1.0,
                1.0,
                1.0,
                1.0,
                1.0,
                1.0,
                1.0,
                1.0,
                1.0,
                1.0,
                1.0,
                1.0,
                1.0,
                1.0,
                1.0,
                1.0,
                1.0,
                1.0,
                1.0,
                1.0,
                1.0,
                1.0,
                1.0,
                1.0,
                1.0,
                1.0,
                1.0,
                1.0,
                1.0,
                1.0,
                1.0,
                1.0,
                1.0,
                1.0,
                1.0,
                1.0,
                1.0,
                1.0,
                1.0,
                1.0,
                1.0,
                1.0,
                1.0,
                1.0,
                1.0,
                1.0,
                1.0,
                1.0,
                1.0,
                1.0,
                1.0,
                1.0,
                1.0,
                1.0,
                1.0,
                1.0,
                1.0,
                1.0,
                1.0,
                1.0,
                1.0,
                1.0,
                1.0,
                1.0,
                1.0,
                1.0,
                1.0,
                1.0,
                1.0,
                1.0,
                1.0,
                1.0,
                1.0,
                1.0,
                1.0,
                1.0,
                1.0,
                1.0,
                1.0,
                1.0,
                1.0,
                1.0,
                1.0,
                1.0,
                1.0,
                1.0,
                1.0,
                1.0,
                1.0,
                1.0,
                2.0,
                2.0,
                2.0,
                2.0,
                2.0,
                2.0,
                2.0,
                2.0,
                2.0,
                2.0,
                2.0,
                2.0,
                2.0,
                2.0,
                2.0,
                2.0,
                2.0,
                2.0,
                2.0,
                2.0,
                2.0,
                2.0,
                2.0,
                2.0,
                2.0,
                2.0,
                2.0,
                2.0,
                2.0,
                2.0,
                2.0,
                2.0,
                2.0,
                2.0,
                2.0,
                2.0,
                2.0,
                2.0,
                2.0,
                2.0,
                2.0,
                2.0,
                2.0,
                2.0,
                2.0,
                2.0,
                2.0,
                2.0,
                2.0,
                2.0,
                2.0,
                2.0,
                2.0,
                2.0,
                2.0,
                2.0,
                2.0,
                2.0,
                2.0,
                2.0,
                2.0,
                2.0,
                2.0,
                2.0,
                2.0,
                2.0,
                2.0,
                2.0,
                2.0,
                2.0,
                2.0,
                2.0,
                2.0,
                2.0,
                2.0,
                2.0,
                2.0,
                2.0,
                2.0,
                2.0,
                2.0,
                2.0,
                2.0,
                2.0,
                2.0,
                2.0,
                2.0,
                2.0,
                2.0,
                2.0,
                2.0,
                2.0,
                2.0,
                2.0,
                2.0,
                2.0,
                2.0,
                2.0,
                2.0,
                2.0
            ],